ID,Prime Category,Category
80428,Apparel & Accessories,/Apparel & Accessories
80429,Apparel & Accessories,/Apparel & Accessories/Activewear
80430,Apparel & Accessories,/Apparel & Accessories/Costumes
80431,Apparel & Accessories,/Apparel & Accessories/Formal Wear
80443,Apparel & Accessories,/Apparel & Accessories/Formal Wear/Bridal Wear
80444,Apparel & Accessories,/Apparel & Accessories/Formal Wear/Suits & Business Attire
80432,Apparel & Accessories,/Apparel & Accessories/Handbags
80433,Apparel & Accessories,/Apparel & Accessories/Jewelry & Watches
80445,Apparel & Accessories,/Apparel & Accessories/Jewelry & Watches/Fine Jewelry
80447,Apparel & Accessories,/Apparel & Accessories/Jewelry & Watches/Watches
80446,Apparel & Accessories,/Apparel & Accessories/Jewelry & Watches/Wedding & Engagement Rings
80434,Apparel & Accessories,/Apparel & Accessories/Lingerie
80435,Apparel & Accessories,/Apparel & Accessories/Luggage
80436,Apparel & Accessories,/Apparel & Accessories/Men's Apparel
80438,Apparel & Accessories,/Apparel & Accessories/Outerwear
80437,Apparel & Accessories,/Apparel & Accessories/Perfumes & Fragrances
80439,Apparel & Accessories,/Apparel & Accessories/Shoes
80448,Apparel & Accessories,/Apparel & Accessories/Shoes/Athletic Shoes
80449,Apparel & Accessories,/Apparel & Accessories/Shoes/Boots
80450,Apparel & Accessories,/Apparel & Accessories/Shoes/Dress Shoes
80440,Apparel & Accessories,/Apparel & Accessories/Swimwear
80441,Apparel & Accessories,/Apparel & Accessories/Wallets
80442,Apparel & Accessories,/Apparel & Accessories/Women's Apparel
80001,Autos & Vehicles,/Autos & Vehicles
80468,Autos & Vehicles,/Autos & Vehicles/Auto Parts & Accessories
80470,Autos & Vehicles,/Autos & Vehicles/Auto Parts & Accessories/Auto Exterior Parts & Accessories
80471,Autos & Vehicles,/Autos & Vehicles/Auto Parts & Accessories/Auto Interior Parts & Accessories
80472,Autos & Vehicles,/Autos & Vehicles/Auto Parts & Accessories/Automotive Electronic Components
80473,Autos & Vehicles,/Autos & Vehicles/Auto Parts & Accessories/Car Batteries
80474,Autos & Vehicles,/Autos & Vehicles/Auto Parts & Accessories/Car Brakes
80475,Autos & Vehicles,/Autos & Vehicles/Auto Parts & Accessories/Engine & Transmission
80476,Autos & Vehicles,/Autos & Vehicles/Auto Parts & Accessories/High Performance & Aftermarket Auto Parts
80477,Autos & Vehicles,/Autos & Vehicles/Auto Parts & Accessories/Wheels & Tires
80469,Autos & Vehicles,/Autos & Vehicles/Auto Repair & Maintenance
80479,Autos & Vehicles,/Autos & Vehicles/Auto Repair & Maintenance/Brake Service & Repair
80480,Autos & Vehicles,/Autos & Vehicles/Auto Repair & Maintenance/Collision & Auto Body Repair
80478,Autos & Vehicles,/Autos & Vehicles/Auto Repair & Maintenance/Glass Repair & Replacement
80481,Autos & Vehicles,/Autos & Vehicles/Auto Repair & Maintenance/Oil Changes
80482,Autos & Vehicles,/Autos & Vehicles/Auto Repair & Maintenance/Transmission Repair
80206,Autos & Vehicles,/Autos & Vehicles/Motor Vehicles
80097,Autos & Vehicles,/Autos & Vehicles/Motor Vehicles/Motor Vehicles (New)
80099,Autos & Vehicles,/Autos & Vehicles/Motor Vehicles/Motor Vehicles (Used)
80013,Autos & Vehicles,/Autos & Vehicles/Motor Vehicles/Motor Vehicles by Brand
80014,Autos & Vehicles,/Autos & Vehicles/Motor Vehicles/Motor Vehicles by Brand/Acura
80093,Autos & Vehicles,/Autos & Vehicles/Motor Vehicles/Motor Vehicles by Brand/Alfa Romeo
80015,Autos & Vehicles,/Autos & Vehicles/Motor Vehicles/Motor Vehicles by Brand/Audi
80016,Autos & Vehicles,/Autos & Vehicles/Motor Vehicles/Motor Vehicles by Brand/BMW
80054,Autos & Vehicles,/Autos & Vehicles/Motor Vehicles/Motor Vehicles by Brand/Buick
80017,Autos & Vehicles,/Autos & Vehicles/Motor Vehicles/Motor Vehicles by Brand/Cadillac
80018,Autos & Vehicles,/Autos & Vehicles/Motor Vehicles/Motor Vehicles by Brand/Chevrolet
80019,Autos & Vehicles,/Autos & Vehicles/Motor Vehicles/Motor Vehicles by Brand/Chrysler
80020,Autos & Vehicles,/Autos & Vehicles/Motor Vehicles/Motor Vehicles by Brand/CitroÃ«n
80021,Autos & Vehicles,/Autos & Vehicles/Motor Vehicles/Motor Vehicles by Brand/Dodge
80022,Autos & Vehicles,/Autos & Vehicles/Motor Vehicles/Motor Vehicles by Brand/Fiat
80023,Autos & Vehicles,/Autos & Vehicles/Motor Vehicles/Motor Vehicles by Brand/Ford
80045,Autos & Vehicles,/Autos & Vehicles/Motor Vehicles/Motor Vehicles by Brand/GM-Daewoo
80024,Autos & Vehicles,/Autos & Vehicles/Motor Vehicles/Motor Vehicles by Brand/GMC
80025,Autos & Vehicles,/Autos & Vehicles/Motor Vehicles/Motor Vehicles by Brand/Honda
80056,Autos & Vehicles,/Autos & Vehicles/Motor Vehicles/Motor Vehicles by Brand/Hummer
80026,Autos & Vehicles,/Autos & Vehicles/Motor Vehicles/Motor Vehicles by Brand/Hyundai
80080,Autos & Vehicles,/Autos & Vehicles/Motor Vehicles/Motor Vehicles by Brand/Infiniti
80081,Autos & Vehicles,/Autos & Vehicles/Motor Vehicles/Motor Vehicles by Brand/Isuzu
80057,Autos & Vehicles,/Autos & Vehicles/Motor Vehicles/Motor Vehicles by Brand/Jaguar
80027,Autos & Vehicles,/Autos & Vehicles/Motor Vehicles/Motor Vehicles by Brand/Jeep
80028,Autos & Vehicles,/Autos & Vehicles/Motor Vehicles/Motor Vehicles by Brand/Kia
80059,Autos & Vehicles,/Autos & Vehicles/Motor Vehicles/Motor Vehicles by Brand/Land Rover
80029,Autos & Vehicles,/Autos & Vehicles/Motor Vehicles/Motor Vehicles by Brand/Lexus
80030,Autos & Vehicles,/Autos & Vehicles/Motor Vehicles/Motor Vehicles by Brand/Lincoln
80060,Autos & Vehicles,/Autos & Vehicles/Motor Vehicles/Motor Vehicles by Brand/Maserati
80031,Autos & Vehicles,/Autos & Vehicles/Motor Vehicles/Motor Vehicles by Brand/Mazda
80032,Autos & Vehicles,/Autos & Vehicles/Motor Vehicles/Motor Vehicles by Brand/Mercedes-Benz
80033,Autos & Vehicles,/Autos & Vehicles/Motor Vehicles/Motor Vehicles by Brand/Mercury
80061,Autos & Vehicles,/Autos & Vehicles/Motor Vehicles/Motor Vehicles by Brand/Mini
80034,Autos & Vehicles,/Autos & Vehicles/Motor Vehicles/Motor Vehicles by Brand/Mitsubishi
80035,Autos & Vehicles,/Autos & Vehicles/Motor Vehicles/Motor Vehicles by Brand/Nissan
80036,Autos & Vehicles,/Autos & Vehicles/Motor Vehicles/Motor Vehicles by Brand/Peugeot
80037,Autos & Vehicles,/Autos & Vehicles/Motor Vehicles/Motor Vehicles by Brand/Pontiac
80038,Autos & Vehicles,/Autos & Vehicles/Motor Vehicles/Motor Vehicles by Brand/Porsche
80039,Autos & Vehicles,/Autos & Vehicles/Motor Vehicles/Motor Vehicles by Brand/Renault
80094,Autos & Vehicles,/Autos & Vehicles/Motor Vehicles/Motor Vehicles by Brand/SEAT
80046,Autos & Vehicles,/Autos & Vehicles/Motor Vehicles/Motor Vehicles by Brand/Saab
80040,Autos & Vehicles,/Autos & Vehicles/Motor Vehicles/Motor Vehicles by Brand/Saturn
80063,Autos & Vehicles,/Autos & Vehicles/Motor Vehicles/Motor Vehicles by Brand/Scion
80041,Autos & Vehicles,/Autos & Vehicles/Motor Vehicles/Motor Vehicles by Brand/Subaru
80064,Autos & Vehicles,/Autos & Vehicles/Motor Vehicles/Motor Vehicles by Brand/Suzuki
80042,Autos & Vehicles,/Autos & Vehicles/Motor Vehicles/Motor Vehicles by Brand/Toyota
80047,Autos & Vehicles,/Autos & Vehicles/Motor Vehicles/Motor Vehicles by Brand/Vauxhall-Opel
80043,Autos & Vehicles,/Autos & Vehicles/Motor Vehicles/Motor Vehicles by Brand/Volkswagen
80044,Autos & Vehicles,/Autos & Vehicles/Motor Vehicles/Motor Vehicles by Brand/Volvo
80171,Autos & Vehicles,/Autos & Vehicles/Motor Vehicles/Motor Vehicles by Type
80049,Autos & Vehicles,/Autos & Vehicles/Motor Vehicles/Motor Vehicles by Type/Classic Vehicles
80111,Autos & Vehicles,/Autos & Vehicles/Motor Vehicles/Motor Vehicles by Type/Compact Cars
80172,Autos & Vehicles,/Autos & Vehicles/Motor Vehicles/Motor Vehicles by Type/Compact Cars/Compact Cars (New)
80112,Autos & Vehicles,/Autos & Vehicles/Motor Vehicles/Motor Vehicles by Type/Compact Cars/Compact Cars (Used)
80102,Autos & Vehicles,/Autos & Vehicles/Motor Vehicles/Motor Vehicles by Type/Convertibles
80173,Autos & Vehicles,/Autos & Vehicles/Motor Vehicles/Motor Vehicles by Type/Convertibles/Convertibles (New)
80113,Autos & Vehicles,/Autos & Vehicles/Motor Vehicles/Motor Vehicles by Type/Convertibles/Convertibles (Used)
80103,Autos & Vehicles,/Autos & Vehicles/Motor Vehicles/Motor Vehicles by Type/Coupes
80174,Autos & Vehicles,/Autos & Vehicles/Motor Vehicles/Motor Vehicles by Type/Coupes/Coupes (New)
80170,Autos & Vehicles,/Autos & Vehicles/Motor Vehicles/Motor Vehicles by Type/Coupes/Coupes (Used)
80110,Autos & Vehicles,/Autos & Vehicles/Motor Vehicles/Motor Vehicles by Type/Crossovers
80175,Autos & Vehicles,/Autos & Vehicles/Motor Vehicles/Motor Vehicles by Type/Crossovers/Crossovers (New)
80114,Autos & Vehicles,/Autos & Vehicles/Motor Vehicles/Motor Vehicles by Type/Crossovers/Crossovers (Used)
80104,Autos & Vehicles,/Autos & Vehicles/Motor Vehicles/Motor Vehicles by Type/Diesel Vehicles
80176,Autos & Vehicles,/Autos & Vehicles/Motor Vehicles/Motor Vehicles by Type/Diesel Vehicles/Diesel Vehicles (New)
80115,Autos & Vehicles,/Autos & Vehicles/Motor Vehicles/Motor Vehicles by Type/Diesel Vehicles/Diesel Vehicles (Used)
80105,Autos & Vehicles,/Autos & Vehicles/Motor Vehicles/Motor Vehicles by Type/Hatchbacks
80177,Autos & Vehicles,/Autos & Vehicles/Motor Vehicles/Motor Vehicles by Type/Hatchbacks/Hatchbacks (New)
80116,Autos & Vehicles,/Autos & Vehicles/Motor Vehicles/Motor Vehicles by Type/Hatchbacks/Hatchbacks (Used)
80012,Autos & Vehicles,/Autos & Vehicles/Motor Vehicles/Motor Vehicles by Type/Hybrid & Alternative Vehicles
80178,Autos & Vehicles,/Autos & Vehicles/Motor Vehicles/Motor Vehicles by Type/Hybrid & Alternative Vehicles/Hybrid & Alternative Vehicles (New)
80117,Autos & Vehicles,/Autos & Vehicles/Motor Vehicles/Motor Vehicles by Type/Hybrid & Alternative Vehicles/Hybrid & Alternative Vehicles (Used)
80106,Autos & Vehicles,/Autos & Vehicles/Motor Vehicles/Motor Vehicles by Type/Luxury Vehicles
80179,Autos & Vehicles,/Autos & Vehicles/Motor Vehicles/Motor Vehicles by Type/Luxury Vehicles/Luxury Vehicles (New)
80118,Autos & Vehicles,/Autos & Vehicles/Motor Vehicles/Motor Vehicles by Type/Luxury Vehicles/Luxury Vehicles (Used)
80079,Autos & Vehicles,/Autos & Vehicles/Motor Vehicles/Motor Vehicles by Type/Microcars & Subcompacts
80180,Autos & Vehicles,/Autos & Vehicles/Motor Vehicles/Motor Vehicles by Type/Microcars & Subcompacts/Microcars & Subcompacts (New)
80119,Autos & Vehicles,/Autos & Vehicles/Motor Vehicles/Motor Vehicles by Type/Microcars & Subcompacts/Microcars & Subcompacts (Used)
80006,Autos & Vehicles,/Autos & Vehicles/Motor Vehicles/Motor Vehicles by Type/Motorcycles
80181,Autos & Vehicles,/Autos & Vehicles/Motor Vehicles/Motor Vehicles by Type/Motorcycles/Motorcycles (New)
80120,Autos & Vehicles,/Autos & Vehicles/Motor Vehicles/Motor Vehicles by Type/Motorcycles/Motorcycles (Used)
80004,Autos & Vehicles,/Autos & Vehicles/Motor Vehicles/Motor Vehicles by Type/Off-Road Vehicles
80182,Autos & Vehicles,/Autos & Vehicles/Motor Vehicles/Motor Vehicles by Type/Off-Road Vehicles/Off-Road Vehicles (New)
80190,Autos & Vehicles,/Autos & Vehicles/Motor Vehicles/Motor Vehicles by Type/Off-Road Vehicles/Off-Road Vehicles (Used)
80050,Autos & Vehicles,/Autos & Vehicles/Motor Vehicles/Motor Vehicles by Type/Pickup Trucks
80187,Autos & Vehicles,/Autos & Vehicles/Motor Vehicles/Motor Vehicles by Type/Pickup Trucks/Pickup Trucks (New)
80127,Autos & Vehicles,/Autos & Vehicles/Motor Vehicles/Motor Vehicles by Type/Pickup Trucks/Pickup Trucks (Used)
80051,Autos & Vehicles,/Autos & Vehicles/Motor Vehicles/Motor Vehicles by Type/SUVs
80188,Autos & Vehicles,/Autos & Vehicles/Motor Vehicles/Motor Vehicles by Type/SUVs/SUVs (New)
80128,Autos & Vehicles,/Autos & Vehicles/Motor Vehicles/Motor Vehicles by Type/SUVs/SUVs (Used)
80068,Autos & Vehicles,/Autos & Vehicles/Motor Vehicles/Motor Vehicles by Type/Scooters & Mopeds
80183,Autos & Vehicles,/Autos & Vehicles/Motor Vehicles/Motor Vehicles by Type/Scooters & Mopeds/Scooters & Mopeds (New)
80121,Autos & Vehicles,/Autos & Vehicles/Motor Vehicles/Motor Vehicles by Type/Scooters & Mopeds/Scooters & Mopeds (Used)
80107,Autos & Vehicles,/Autos & Vehicles/Motor Vehicles/Motor Vehicles by Type/Sedans
80184,Autos & Vehicles,/Autos & Vehicles/Motor Vehicles/Motor Vehicles by Type/Sedans/Sedans (New)
80122,Autos & Vehicles,/Autos & Vehicles/Motor Vehicles/Motor Vehicles by Type/Sedans/Sedans (Used)
80108,Autos & Vehicles,/Autos & Vehicles/Motor Vehicles/Motor Vehicles by Type/Sports Cars
80185,Autos & Vehicles,/Autos & Vehicles/Motor Vehicles/Motor Vehicles by Type/Sports Cars/Sports Cars (New)
80123,Autos & Vehicles,/Autos & Vehicles/Motor Vehicles/Motor Vehicles by Type/Sports Cars/Sports Cars (Used)
80109,Autos & Vehicles,/Autos & Vehicles/Motor Vehicles/Motor Vehicles by Type/Station Wagons
80186,Autos & Vehicles,/Autos & Vehicles/Motor Vehicles/Motor Vehicles by Type/Station Wagons/Station Wagons (New)
80124,Autos & Vehicles,/Autos & Vehicles/Motor Vehicles/Motor Vehicles by Type/Station Wagons/Station Wagons (Used)
80052,Autos & Vehicles,/Autos & Vehicles/Motor Vehicles/Motor Vehicles by Type/Vans & Minivans
80189,Autos & Vehicles,/Autos & Vehicles/Motor Vehicles/Motor Vehicles by Type/Vans & Minivans/Vans & Minivans (New)
80129,Autos & Vehicles,/Autos & Vehicles/Motor Vehicles/Motor Vehicles by Type/Vans & Minivans/Vans & Minivans (Used)
80169,Autos & Vehicles,/Autos & Vehicles/Vehicles (Other)
80067,Autos & Vehicles,/Autos & Vehicles/Vehicles (Other)/Bicycles & Accessories
80065,Autos & Vehicles,/Autos & Vehicles/Vehicles (Other)/Boats & Watercraft
80069,Autos & Vehicles,/Autos & Vehicles/Vehicles (Other)/Campers & RVs
80070,Autos & Vehicles,/Autos & Vehicles/Vehicles (Other)/Commercial Vehicles
80308,Baby & Children's Products,/Baby & Children's Products
80309,Baby & Children's Products,/Baby & Children's Products/Baby & Children's Apparel
80316,Baby & Children's Products,/Baby & Children's Products/Baby & Children's Apparel/Baby & Toddler Apparel
80317,Baby & Children's Products,/Baby & Children's Products/Baby & Children's Apparel/Children's Apparel
80312,Baby & Children's Products,/Baby & Children's Products/Child Car Seats
80314,Baby & Children's Products,/Baby & Children's Products/Childcare & Education
80318,Baby & Children's Products,/Baby & Children's Products/Childcare & Education/Childcare
80319,Baby & Children's Products,/Baby & Children's Products/Childcare & Education/Early Childhood Education
80310,Baby & Children's Products,/Baby & Children's Products/Diapers & Baby Hygiene Products
80315,Baby & Children's Products,/Baby & Children's Products/Infant & Toddler Feeding
80320,Baby & Children's Products,/Baby & Children's Products/Infant & Toddler Feeding/Infant Feeding Supplies
80321,Baby & Children's Products,/Baby & Children's Products/Infant & Toddler Feeding/Toddler Meals
80313,Baby & Children's Products,/Baby & Children's Products/Strollers & Baby Carriages
80311,Baby & Children's Products,/Baby & Children's Products/Toys & Games
80546,Beauty Products & Services,/Beauty Products & Services
80552,Beauty Products & Services,/Beauty Products & Services/Bath & Body Products
80551,Beauty Products & Services,/Beauty Products & Services/Hair Care Products
80554,Beauty Products & Services,/Beauty Products & Services/Makeup & Cosmetics
80555,Beauty Products & Services,/Beauty Products & Services/Skin Care Products
80556,Beauty Products & Services,/Beauty Products & Services/Spas & Beauty Services
80553,Beauty Products & Services,/Beauty Products & Services/Tanning & Sun Care Products
80463,Business Services,/Business Services
80517,Business Services,/Business Services/Advertising & Marketing Services
80529,Business Services,/Business Services/Advertising & Marketing Services/SEO & SEM Services
80518,Business Services,/Business Services/Business Financial Services
80519,Business Services,/Business Services/Business Printing & Document Services
80520,Business Services,/Business Services/Business Technology
80530,Business Services,/Business Services/Business Technology/Enterprise Software
80535,Business Services,/Business Services/Business Technology/Enterprise Software/CRM Solutions
80534,Business Services,/Business Services/Business Technology/Enterprise Software/Collaboration & Conferencing Tools
80536,Business Services,/Business Services/Business Technology/Enterprise Software/ERP Solutions
80537,Business Services,/Business Services/Business Technology/Enterprise Software/Helpdesk & Customer Support Solutions
80531,Business Services,/Business Services/Business Technology/Network Systems & Services
80538,Business Services,/Business Services/Business Technology/Network Systems & Services/Hosted Data & Cloud Storage
80539,Business Services,/Business Services/Business Technology/Network Systems & Services/Network & Enterprise Security
80540,Business Services,/Business Services/Business Technology/Network Systems & Services/Network Equipment & Virtualization
80541,Business Services,/Business Services/Business Technology/Network Systems & Services/Network Management
80532,Business Services,/Business Services/Business Technology/Web Services
80542,Business Services,/Business Services/Business Technology/Web Services/Domain Registration
80543,Business Services,/Business Services/Business Technology/Web Services/Web Design & Development
80544,Business Services,/Business Services/Business Technology/Web Services/Web Hosting
80521,Business Services,/Business Services/Corporate Event Planning
80522,Business Services,/Business Services/Office Supplies
80533,Business Services,/Business Services/Office Supplies/Office Furniture
80523,Business Services,/Business Services/Payment Processing & Merchant Services
80524,Business Services,/Business Services/Payroll Services
80526,Business Services,/Business Services/Staffing & Recruitment Services
80193,Computers & Peripherals,/Computers & Peripherals
80195,Computers & Peripherals,/Computers & Peripherals/Computer Accessories & Components
80200,Computers & Peripherals,/Computers & Peripherals/Computer Accessories & Components/Computer Monitors
80201,Computers & Peripherals,/Computers & Peripherals/Computer Accessories & Components/Memory & Storage
80194,Computers & Peripherals,/Computers & Peripherals/Computers
80197,Computers & Peripherals,/Computers & Peripherals/Computers/Desktop Computers
80198,Computers & Peripherals,/Computers & Peripherals/Computers/Laptops & Notebooks
80199,Computers & Peripherals,/Computers & Peripherals/Computers/Tablets & Ultraportable Devices
80196,Computers & Peripherals,/Computers & Peripherals/Printers
80207,Consumer Electronics,/Consumer Electronics
80210,Consumer Electronics,/Consumer Electronics/Audio
80218,Consumer Electronics,/Consumer Electronics/Audio/Car Audio
80219,Consumer Electronics,/Consumer Electronics/Audio/MP3 Players
80220,Consumer Electronics,/Consumer Electronics/Audio/Pro Musician & DJ Equipment
80221,Consumer Electronics,/Consumer Electronics/Audio/Speakers
80222,Consumer Electronics,/Consumer Electronics/Audio/Stereo Systems
80209,Consumer Electronics,/Consumer Electronics/Camcorders
80208,Consumer Electronics,/Consumer Electronics/Cameras
80223,Consumer Electronics,/Consumer Electronics/Cameras/Camera Lenses
80224,Consumer Electronics,/Consumer Electronics/Cameras/Digital SLRs
80225,Consumer Electronics,/Consumer Electronics/Cameras/Point & Shoots
80212,Consumer Electronics,/Consumer Electronics/DVD & Blu-Ray Players
80214,Consumer Electronics,/Consumer Electronics/GPS & Navigation
80244,Consumer Electronics,/Consumer Electronics/Game Consoles
80245,Consumer Electronics,/Consumer Electronics/Game Consoles/Nintendo (Wii)
80246,Consumer Electronics,/Consumer Electronics/Game Consoles/Sony PlayStation
80247,Consumer Electronics,/Consumer Electronics/Game Consoles/Xbox
80213,Consumer Electronics,/Consumer Electronics/Home Theater Systems
80286,Consumer Electronics,/Consumer Electronics/Mobile Phones
80211,Consumer Electronics,/Consumer Electronics/Televisions
80216,Consumer Electronics,/Consumer Electronics/Televisions/HDTVs
80215,Consumer Electronics,/Consumer Electronics/Televisions/LCD TVs
80217,Consumer Electronics,/Consumer Electronics/Televisions/Plasma TVs
80592,Dating Services,/Dating Services
80226,Education,/Education
80227,Education,/Education/Foreign Language Study
80228,Education,/Education/Post-Secondary Education
80232,Education,/Education/Post-Secondary Education/Arts & Design Education
80233,Education,/Education/Post-Secondary Education/Business Education
80285,Education,/Education/Post-Secondary Education/Cosmetology Education & Training
80235,Education,/Education/Post-Secondary Education/Technology Education
80229,Education,/Education/Primary & Secondary Schools (K-12)
80230,Education,/Education/Study Abroad Programs
80231,Education,/Education/Test Preparation & Tutoring
80412,Employment,/Employment
80413,Employment,/Employment/Accounting & Finance Jobs
80425,Employment,/Employment/Career Consulting Services
80414,Employment,/Employment/Clerical & Administrative Jobs
80415,Employment,/Employment/Education Jobs
80416,Employment,/Employment/Executive & Management Jobs
80417,Employment,/Employment/Government & Public Sector Jobs
80418,Employment,/Employment/Health & Medical Jobs
80419,Employment,/Employment/IT & Technical Jobs
80424,Employment,/Employment/Internships
80420,Employment,/Employment/Legal Jobs
80426,Employment,/Employment/Resumes & Portfolios
80421,Employment,/Employment/Retail Jobs
80422,Employment,/Employment/Sales & Marketing Jobs
80423,Employment,/Employment/Temporary & Seasonal Jobs
80130,Financial Services,/Financial Services
80132,Financial Services,/Financial Services/Banking Services
80142,Financial Services,/Financial Services/Banking Services/Debit & Checking Services
80409,Financial Services,/Financial Services/Banking Services/Savings Accounts
80135,Financial Services,/Financial Services/Credit & Lending
80140,Financial Services,/Financial Services/Credit & Lending/Auto Loans
80138,Financial Services,/Financial Services/Credit & Lending/Business Loans
80141,Financial Services,/Financial Services/Credit & Lending/Credit Cards
80410,Financial Services,/Financial Services/Credit & Lending/Credit Reports & Monitoring Services
80136,Financial Services,/Financial Services/Credit & Lending/Mortgage
80411,Financial Services,/Financial Services/Credit & Lending/Mortgage/Home Equity Loans
80153,Financial Services,/Financial Services/Credit & Lending/Mortgage/Home Purchase Loans
80152,Financial Services,/Financial Services/Credit & Lending/Mortgage/Mortgage Refinancing
80139,Financial Services,/Financial Services/Credit & Lending/Personal Loans
80192,Financial Services,/Financial Services/Credit & Lending/Student Loans
80133,Financial Services,/Financial Services/Financial Planning
80150,Financial Services,/Financial Services/Financial Planning/Estate Planning
80151,Financial Services,/Financial Services/Financial Planning/Retirement Planning
80134,Financial Services,/Financial Services/Insurance
80143,Financial Services,/Financial Services/Insurance/Auto Insurance
80144,Financial Services,/Financial Services/Insurance/Health Insurance
80191,Financial Services,/Financial Services/Insurance/Home Insurance
80145,Financial Services,/Financial Services/Insurance/Life Insurance
80146,Financial Services,/Financial Services/Insurance/Travel Insurance
80149,Financial Services,/Financial Services/Investment Services
80137,Financial Services,/Financial Services/Tax Services
80464,Gifts & Occasions,/Gifts & Occasions
80507,Gifts & Occasions,/Gifts & Occasions/Flowers
80508,Gifts & Occasions,/Gifts & Occasions/Gift Baskets
80503,Gifts & Occasions,/Gifts & Occasions/Holiday & Seasonal Items
80509,Gifts & Occasions,/Gifts & Occasions/Holiday & Seasonal Items/Christmas Items & Decor
80510,Gifts & Occasions,/Gifts & Occasions/Holiday & Seasonal Items/Halloween Items & Decor
80511,Gifts & Occasions,/Gifts & Occasions/Holiday & Seasonal Items/Valentine's Day Items & Decor
80504,Gifts & Occasions,/Gifts & Occasions/Party Supplies & Planning
80512,Gifts & Occasions,/Gifts & Occasions/Party Supplies & Planning/Event Planning Services
80513,Gifts & Occasions,/Gifts & Occasions/Party Supplies & Planning/Party Supplies
80505,Gifts & Occasions,/Gifts & Occasions/Personalized Gifts
80506,Gifts & Occasions,/Gifts & Occasions/Photo & Video Services
80515,Gifts & Occasions,/Gifts & Occasions/Photo & Video Services/Event Photographers & Studios
80516,Gifts & Occasions,/Gifts & Occasions/Photo & Video Services/Photo Printing Services
80404,Gifts & Occasions,/Gifts & Occasions/Wedding Planning
80237,Home & Garden,/Home & Garden
80483,Home & Garden,/Home & Garden/Home & Garden Services
80484,Home & Garden,/Home & Garden/Home & Garden Services/Architectural Services
80485,Home & Garden,/Home & Garden/Home & Garden Services/Carpet Installation
80486,Home & Garden,/Home & Garden/Home & Garden Services/Door & Window Installation
80487,Home & Garden,/Home & Garden/Home & Garden Services/Electrician Services
80488,Home & Garden,/Home & Garden/Home & Garden Services/Flooring Services
80490,Home & Garden,/Home & Garden/Home & Garden Services/General Contracting & Remodeling Services
80491,Home & Garden,/Home & Garden/Home & Garden Services/Home Cleaning Services
80492,Home & Garden,/Home & Garden/Home & Garden Services/Home Inspection Services
80493,Home & Garden,/Home & Garden/Home & Garden Services/Interior Design & Decorating Services
80494,Home & Garden,/Home & Garden/Home & Garden Services/Landscape Design
80496,Home & Garden,/Home & Garden/Home & Garden Services/Locksmith Services
80497,Home & Garden,/Home & Garden/Home & Garden Services/Painting Services
80498,Home & Garden,/Home & Garden/Home & Garden Services/Pest Control
80499,Home & Garden,/Home & Garden/Home & Garden Services/Plumbing Services
80500,Home & Garden,/Home & Garden/Home & Garden Services/Roofing Services
80238,Home & Garden,/Home & Garden/Home Appliances
80260,Home & Garden,/Home & Garden/Home Appliances/Cooking Ranges & Stoves
80258,Home & Garden,/Home & Garden/Home Appliances/Dishwashers
80262,Home & Garden,/Home & Garden/Home Appliances/Microwaves
80259,Home & Garden,/Home & Garden/Home Appliances/Refrigerators
80265,Home & Garden,/Home & Garden/Home Appliances/Small Appliances
80274,Home & Garden,/Home & Garden/Home Appliances/Small Appliances/Coffee & Espresso Makers
80272,Home & Garden,/Home & Garden/Home Appliances/Small Appliances/Juicers & Blenders
80273,Home & Garden,/Home & Garden/Home Appliances/Small Appliances/Mixers
80261,Home & Garden,/Home & Garden/Home Appliances/Vacuums
80257,Home & Garden,/Home & Garden/Home Appliances/Washers & Dryers
80239,Home & Garden,/Home & Garden/Home Decor
80255,Home & Garden,/Home & Garden/Home Decor/Curtains & Window Treatments
80256,Home & Garden,/Home & Garden/Home Decor/Fireplaces
80275,Home & Garden,/Home & Garden/Home Decor/Lights & Fixtures
80254,Home & Garden,/Home & Garden/Home Decor/Rugs & Carpets
80240,Home & Garden,/Home & Garden/Home Furnishings
80250,Home & Garden,/Home & Garden/Home Furnishings/Bedroom
80251,Home & Garden,/Home & Garden/Home Furnishings/Home Office
80502,Home & Garden,/Home & Garden/Home Furnishings/Home Storage & Shelving
80249,Home & Garden,/Home & Garden/Home Furnishings/Kitchen & Dining Room
80248,Home & Garden,/Home & Garden/Home Furnishings/Living Room
80252,Home & Garden,/Home & Garden/Home Furnishings/Nursery
80241,Home & Garden,/Home & Garden/Home Improvement
80268,Home & Garden,/Home & Garden/Home Improvement/Flooring
80266,Home & Garden,/Home & Garden/Home Improvement/Kitchen & Bathroom Cabinets
80267,Home & Garden,/Home & Garden/Home Improvement/Kitchen & Bathroom Counters
80270,Home & Garden,/Home & Garden/Home Improvement/Paint
80269,Home & Garden,/Home & Garden/Home Improvement/Plumbing Fixtures
80271,Home & Garden,/Home & Garden/Home Improvement/Tools
80242,Home & Garden,/Home & Garden/Home Security
80501,Home & Garden,/Home & Garden/Outdoor Items
80264,Home & Garden,/Home & Garden/Outdoor Items/BBQs & Grills
80253,Home & Garden,/Home & Garden/Outdoor Items/Garden & Outdoor Furniture
80263,Home & Garden,/Home & Garden/Outdoor Items/Lawn Mowers
80243,Home & Garden,/Home & Garden/Outdoor Items/Pools & Spas
80131,Real Estate,/Real Estate
80204,Real Estate,/Real Estate/Commercial Properties
80161,Real Estate,/Real Estate/Commercial Properties/Commercial Properties (For Rent)
80158,Real Estate,/Real Estate/Commercial Properties/Commercial Properties (For Sale)
80403,Real Estate,/Real Estate/Moving & Relocation
80205,Real Estate,/Real Estate/Residential Properties
80155,Real Estate,/Real Estate/Residential Properties/Residential Properties (For Rent)
80160,Real Estate,/Real Estate/Residential Properties/Residential Properties (For Rent)/Apartments (For Rent)
80159,Real Estate,/Real Estate/Residential Properties/Residential Properties (For Rent)/Houses (For Rent)
80157,Real Estate,/Real Estate/Residential Properties/Residential Properties (For Sale)
80203,Real Estate,/Real Estate/Residential Properties/Residential Properties (For Sale)/Apartments (For Sale)
80167,Real Estate,/Real Estate/Residential Properties/Residential Properties (For Sale)/Apartments (For Sale)/New Apartments (For Sale)
80165,Real Estate,/Real Estate/Residential Properties/Residential Properties (For Sale)/Apartments (For Sale)/Preowned Apartments (For Sale)
80202,Real Estate,/Real Estate/Residential Properties/Residential Properties (For Sale)/Houses (For Sale)
80166,Real Estate,/Real Estate/Residential Properties/Residential Properties (For Sale)/Houses (For Sale)/New Houses (For Sale)
80164,Real Estate,/Real Estate/Residential Properties/Residential Properties (For Sale)/Houses (For Sale)/Preowned Houses (For Sale)
80276,Software,/Software
80277,Software,/Software/Antivirus & Security Software
80278,Software,/Software/Audio & Music Software
80279,Software,/Software/Business & Productivity Software
80280,Software,/Software/Design Software
80283,Software,/Software/Design Software/Drawing & Animation Software
80284,Software,/Software/Design Software/Photo Software
80281,Software,/Software/Tax & Accounting Software
80282,Software,/Software/Video Software
80545,Sports & Fitness,/Sports & Fitness
80548,Sports & Fitness,/Sports & Fitness/Fitness Products & Services
80559,Sports & Fitness,/Sports & Fitness/Fitness Products & Services/Exercise Equipment
80560,Sports & Fitness,/Sports & Fitness/Fitness Products & Services/Fitness Classes & Personal Training Services
80561,Sports & Fitness,/Sports & Fitness/Fitness Products & Services/Gyms & Athletic Clubs
80549,Sports & Fitness,/Sports & Fitness/Outdoor Recreational Equipment
80550,Sports & Fitness,/Sports & Fitness/Sporting Goods
80569,Sports & Fitness,/Sports & Fitness/Sporting Goods/Golf Equipment
80576,Sports & Fitness,/Sports & Fitness/Sporting Goods/Winter Sports Equipment & Accessories
80303,Telecom,/Telecom
80304,Telecom,/Telecom/Cable & Satellite TV Providers
80305,Telecom,/Telecom/Internet Service Providers
80306,Telecom,/Telecom/Mobile Phone Service Providers
80287,Travel,/Travel
80288,Travel,/Travel/Air Travel
80393,Travel,/Travel/Air Travel/Air Travel by Class
80397,Travel,/Travel/Air Travel/Air Travel by Class/Business & First Class
80398,Travel,/Travel/Air Travel/Air Travel by Class/Economy Class
80394,Travel,/Travel/Air Travel/Air Travel by Destination
80323,Travel,/Travel/Air Travel/Air Travel by Destination/Atlanta (Air Travel Destination)
80324,Travel,/Travel/Air Travel/Air Travel by Destination/Austin (Air Travel Destination)
80325,Travel,/Travel/Air Travel/Air Travel by Destination/Beijing (Air Travel Destination)
80326,Travel,/Travel/Air Travel/Air Travel by Destination/Boston (Air Travel Destination)
80327,Travel,/Travel/Air Travel/Air Travel by Destination/Caribbean (Air Travel Destination)
80452,Travel,/Travel/Air Travel/Air Travel by Destination/Charlotte (Air Travel Destination)
80328,Travel,/Travel/Air Travel/Air Travel by Destination/Chicago (Air Travel Destination)
80329,Travel,/Travel/Air Travel/Air Travel by Destination/Dallas-Fort Worth (Air Travel Destination)
80330,Travel,/Travel/Air Travel/Air Travel by Destination/Denver (Air Travel Destination)
80331,Travel,/Travel/Air Travel/Air Travel by Destination/Detroit (Air Travel Destination)
80332,Travel,/Travel/Air Travel/Air Travel by Destination/Fort Lauderdale (Air Travel Destination)
80333,Travel,/Travel/Air Travel/Air Travel by Destination/Hawaii (Air Travel Destination)
80334,Travel,/Travel/Air Travel/Air Travel by Destination/Houston (Air Travel Destination)
80335,Travel,/Travel/Air Travel/Air Travel by Destination/Las Vegas (Air Travel Destination)
80336,Travel,/Travel/Air Travel/Air Travel by Destination/London
80337,Travel,/Travel/Air Travel/Air Travel by Destination/Los Angeles (Air Travel Destination)
80456,Travel,/Travel/Air Travel/Air Travel by Destination/Mexico (Air Travel Destination)
80338,Travel,/Travel/Air Travel/Air Travel by Destination/Miami (Air Travel Destination)
80339,Travel,/Travel/Air Travel/Air Travel by Destination/Minneapolis-Saint Paul (Air Travel Destination)
80467,Travel,/Travel/Air Travel/Air Travel by Destination/Myrtle Beach & Grand Strand (Air Travel Destination)
80340,Travel,/Travel/Air Travel/Air Travel by Destination/Nashville (Air Travel Destination)
80341,Travel,/Travel/Air Travel/Air Travel by Destination/New Orleans (Air Travel Destination)
80342,Travel,/Travel/Air Travel/Air Travel by Destination/New York City  (Air Travel Destination)
80455,Travel,/Travel/Air Travel/Air Travel by Destination/Orange County
80343,Travel,/Travel/Air Travel/Air Travel by Destination/Orlando (Air Travel Destination)
80344,Travel,/Travel/Air Travel/Air Travel by Destination/Paris (Air Travel Destination)
80345,Travel,/Travel/Air Travel/Air Travel by Destination/Philadelphia (Air Travel Destination)
80346,Travel,/Travel/Air Travel/Air Travel by Destination/Phoenix (Air Travel Destination)
80347,Travel,/Travel/Air Travel/Air Travel by Destination/Portland
80348,Travel,/Travel/Air Travel/Air Travel by Destination/Rome (Air Travel Destination)
80349,Travel,/Travel/Air Travel/Air Travel by Destination/Salt Lake City (Air Travel Destination)
80453,Travel,/Travel/Air Travel/Air Travel by Destination/San Antonio (Air Travel Destination)
80350,Travel,/Travel/Air Travel/Air Travel by Destination/San Diego (Air Travel Destination)
80351,Travel,/Travel/Air Travel/Air Travel by Destination/San Francisco Bay Area (Air Travel Destination)
80352,Travel,/Travel/Air Travel/Air Travel by Destination/Seattle (Air Travel Destination)
80353,Travel,/Travel/Air Travel/Air Travel by Destination/Shanghai (Air Travel Destination)
80454,Travel,/Travel/Air Travel/Air Travel by Destination/St. Louis (Air Travel Destination)
80451,Travel,/Travel/Air Travel/Air Travel by Destination/Tampa Bay Area (Air Travel Destination)
80354,Travel,/Travel/Air Travel/Air Travel by Destination/Tokyo (Air Travel Destination)
80355,Travel,/Travel/Air Travel/Air Travel by Destination/Toronto (Air Travel Destination)
80356,Travel,/Travel/Air Travel/Air Travel by Destination/Vancouver (Air Travel Destination)
80357,Travel,/Travel/Air Travel/Air Travel by Destination/Washington
80289,Travel,/Travel/Car Rental
80405,Travel,/Travel/Car Rental/Economy
80406,Travel,/Travel/Car Rental/Full-size & Standard Car Rental
80407,Travel,/Travel/Car Rental/Luxury
80408,Travel,/Travel/Car Rental/Minivan & SUV Rental
80290,Travel,/Travel/Cruises
80291,Travel,/Travel/Hotels & Accommodations
80395,Travel,/Travel/Hotels & Accommodations/Hotels by Location
80358,Travel,/Travel/Hotels & Accommodations/Hotels by Location/Atlanta (Hotel Location)
80359,Travel,/Travel/Hotels & Accommodations/Hotels by Location/Austin (Hotel Location)
80360,Travel,/Travel/Hotels & Accommodations/Hotels by Location/Beijing (Hotel Location)
80361,Travel,/Travel/Hotels & Accommodations/Hotels by Location/Boston (Hotel Location)
80362,Travel,/Travel/Hotels & Accommodations/Hotels by Location/Caribbean (Hotel Location)
80458,Travel,/Travel/Hotels & Accommodations/Hotels by Location/Charlotte (Hotel Location)
80363,Travel,/Travel/Hotels & Accommodations/Hotels by Location/Chicago (Hotel Location)
80364,Travel,/Travel/Hotels & Accommodations/Hotels by Location/Dallas-Fort Worth (Hotel Location)
80365,Travel,/Travel/Hotels & Accommodations/Hotels by Location/Denver (Hotel Location)
80366,Travel,/Travel/Hotels & Accommodations/Hotels by Location/Detroit (Hotel Location)
80367,Travel,/Travel/Hotels & Accommodations/Hotels by Location/Fort Lauderdale (Hotel Location)
80368,Travel,/Travel/Hotels & Accommodations/Hotels by Location/Hawaii (Hotel Location)
80369,Travel,/Travel/Hotels & Accommodations/Hotels by Location/Houston (Hotel Location)
80370,Travel,/Travel/Hotels & Accommodations/Hotels by Location/Las Vegas (Hotel Location)
80371,Travel,/Travel/Hotels & Accommodations/Hotels by Location/London
80372,Travel,/Travel/Hotels & Accommodations/Hotels by Location/Los Angeles (Hotel Location)
80462,Travel,/Travel/Hotels & Accommodations/Hotels by Location/Mexico (Hotel Location)
80373,Travel,/Travel/Hotels & Accommodations/Hotels by Location/Miami (Hotel Location)
80374,Travel,/Travel/Hotels & Accommodations/Hotels by Location/Minneapolis-Saint Paul (Hotel Location)
80466,Travel,/Travel/Hotels & Accommodations/Hotels by Location/Myrtle Beach & Grand Strand (Hotel Location)
80375,Travel,/Travel/Hotels & Accommodations/Hotels by Location/Nashville (Hotel Location)
80376,Travel,/Travel/Hotels & Accommodations/Hotels by Location/New Orleans (Hotel Location)
80377,Travel,/Travel/Hotels & Accommodations/Hotels by Location/New York City  (Hotel Location)
80461,Travel,/Travel/Hotels & Accommodations/Hotels by Location/Orange County
80378,Travel,/Travel/Hotels & Accommodations/Hotels by Location/Orlando (Hotel Location)
80379,Travel,/Travel/Hotels & Accommodations/Hotels by Location/Paris (Hotel Location)
80380,Travel,/Travel/Hotels & Accommodations/Hotels by Location/Philadelphia (Hotel Location)
80381,Travel,/Travel/Hotels & Accommodations/Hotels by Location/Phoenix (Hotel Location)
80382,Travel,/Travel/Hotels & Accommodations/Hotels by Location/Portland
80383,Travel,/Travel/Hotels & Accommodations/Hotels by Location/Rome (Hotel Location)
80384,Travel,/Travel/Hotels & Accommodations/Hotels by Location/Salt Lake City (Hotel Location)
80459,Travel,/Travel/Hotels & Accommodations/Hotels by Location/San Antonio (Hotel Location)
80385,Travel,/Travel/Hotels & Accommodations/Hotels by Location/San Diego (Hotel Location)
80386,Travel,/Travel/Hotels & Accommodations/Hotels by Location/San Francisco Bay Area (Hotel Location)
80387,Travel,/Travel/Hotels & Accommodations/Hotels by Location/Seattle (Hotel Location)
80388,Travel,/Travel/Hotels & Accommodations/Hotels by Location/Shanghai (Hotel Location)
80460,Travel,/Travel/Hotels & Accommodations/Hotels by Location/St. Louis (Hotel Location)
80457,Travel,/Travel/Hotels & Accommodations/Hotels by Location/Tampa Bay Area (Hotel Location)
80389,Travel,/Travel/Hotels & Accommodations/Hotels by Location/Tokyo (Hotel Location)
80390,Travel,/Travel/Hotels & Accommodations/Hotels by Location/Toronto (Hotel Location)
80391,Travel,/Travel/Hotels & Accommodations/Hotels by Location/Vancouver (Hotel Location)
80392,Travel,/Travel/Hotels & Accommodations/Hotels by Location/Washington
80396,Travel,/Travel/Hotels & Accommodations/Hotels by Star Rating
80399,Travel,/Travel/Hotels & Accommodations/Hotels by Star Rating/1 & 2 Star Hotels
80400,Travel,/Travel/Hotels & Accommodations/Hotels by Star Rating/3 Star Hotels
80401,Travel,/Travel/Hotels & Accommodations/Hotels by Star Rating/4 Star Hotels
80402,Travel,/Travel/Hotels & Accommodations/Hotels by Star Rating/5 Star Hotels
80465,Travel,/Travel/Hotels & Accommodations/Vacation Rentals