<?xml  version="1.0" encoding="UTF-8"?>
<beans xmlns="http://www.springframework.org/schema/beans"
	xmlns:xsi="http://www.w3.org/2001/XMLSchema-instance" xmlns:aop="http://www.springframework.org/schema/aop"
	xmlns:context="http://www.springframework.org/schema/context"
	xmlns:jee="http://www.springframework.org/schema/jee" xmlns:lang="http://www.springframework.org/schema/lang"
	xmlns:p="http://www.springframework.org/schema/p" xmlns:tx="http://www.springframework.org/schema/tx"
	xmlns:util="http://www.springframework.org/schema/util" xmlns:mvc="http://www.springframework.org/schema/mvc"
	xsi:schemaLocation="http://www.springframework.org/schema/beans http://www.springframework.org/schema/beans/spring-beans-4.3.xsd
		http://www.springframework.org/schema/aop http://www.springframework.org/schema/aop/spring-aop.xsd
		http://www.springframework.org/schema/context http://www.springframework.org/schema/context/spring-context-4.3.xsd
		http://www.springframework.org/schema/jee http://www.springframework.org/schema/jee/spring-jee.xsd
		http://www.springframework.org/schema/lang http://www.springframework.org/schema/lang/spring-lang.xsd
		http://www.springframework.org/schema/tx http://www.springframework.org/schema/tx/spring-tx.xsd
		http://www.springframework.org/schema/util http://www.springframework.org/schema/util/spring-util.xsd
        http://www.springframework.org/schema/mvc 
        http://www.springframework.org/schema/mvc/spring-mvc-4.3.xsd">

	<context:annotation-config />
	<context:component-scan base-package="com.dq.arq.sme" />
	<mvc:annotation-driven>
		<mvc:argument-resolvers>
			<bean
				class="org.springframework.mobile.device.site.SitePreferenceWebArgumentResolver" />
			<bean class="org.springframework.mobile.device.DeviceWebArgumentResolver" />
		</mvc:argument-resolvers>
	</mvc:annotation-driven>
	
	<!-- <mvc:cors>

		<mvc:mapping path="/api/**"
			allowed-origins="*"
			allowed-methods="GET, POST"
			allowed-headers="X-Requested-With, Content-Type, X-Codingpedia"
			allow-credentials="false"
		></mvc:mapping>
	
		<mvc:mapping path="/resources/**"
			allowed-origins="http://domain1.com" />
	</mvc:cors> -->



	<mvc:interceptors>

		<!-- Check if user is authenticated, else take back to login page -->
		<!-- Resolve the device which has generated the request -->
		<bean
			class="org.springframework.mobile.device.DeviceResolverHandlerInterceptor" />

		<!-- User's site preference -->
		<bean
			class="org.springframework.mobile.device.site.SitePreferenceHandlerInterceptor" />

	</mvc:interceptors>

	<bean id="viewResolver"
		class="org.springframework.web.servlet.view.UrlBasedViewResolver">

		<property name="viewClass">
			<value>
				org.springframework.web.servlet.view.tiles3.TilesView
			</value>
		</property>
	</bean>


	<bean id="tilesConfigurer"
		class="org.springframework.web.servlet.view.tiles3.TilesConfigurer">
		<property name="definitions">
			<list>
				<value>/WEB-INF/tiles.xml</value>
			</list>
		</property>
	</bean>


	<bean
		class="org.springframework.web.servlet.mvc.annotation.DefaultAnnotationHandlerMapping">
		<property name="useDefaultSuffixPattern" value="false" />
	</bean>
	<!-- <bean class="org.springframework.web.servlet.mvc.annotation.AnnotationMethodHandlerAdapter"/> -->

	<!-- Configure the multipart resolver -->
	<bean id="localeChangeInterceptor"
		class="org.springframework.web.servlet.i18n.LocaleChangeInterceptor">
		<property name="paramName" value="lang" />
	</bean>

	<bean id="multipartResolver"
		class="org.springframework.web.multipart.commons.CommonsMultipartResolver">
		<!-- one of the properties available; the maximum file size in bytes -->
		<property name="maxUploadSize" value="300" />

	</bean>
	<bean id="localeResolver"
		class="org.springframework.web.servlet.i18n.CookieLocaleResolver" />

	<bean id="handlerMapping"
		class="org.springframework.web.servlet.mvc.annotation.DefaultAnnotationHandlerMapping">
		<property name="interceptors">
			<ref bean="localeChangeInterceptor" />
		</property>
	</bean>


	<tx:annotation-driven />

	<!-- <context:component-scan base-package="annotationAutowire"></context:component-scan> -->

	<bean id="messageSource"
		class="org.springframework.context.support.ResourceBundleMessageSource">
		<property name="basenames">
			<list>
				<value>arqsme</value>
			</list>
		</property>
	</bean>

</beans>