<?xml version="1.0" encoding="UTF-8"?>
<beans:beans xmlns:beans="http://www.springframework.org/schema/beans"
	xmlns="http://www.springframework.org/schema/security" xmlns:xsi="http://www.w3.org/2001/XMLSchema-instance"
	xmlns:context="http://www.springframework.org/schema/context" xmlns:tx="http://www.springframework.org/schema/tx"
	xsi:schemaLocation="http://www.springframework.org/schema/beans 
        http://www.springframework.org/schema/beans/spring-beans-4.1.xsd
        http://www.springframework.org/schema/security 
        http://www.springframework.org/schema/security/spring-security-4.1.xsd
        http://www.springframework.org/schema/tx
		http://www.springframework.org/schema/tx/spring-tx.xsd
        http://www.springframework.org/schema/context
    http://www.springframework.org/schema/context/spring-context.xsd">
	<beans:bean id="authErrorHandler"
		class="com.dq.arq.sme.util.AuthenticationFailureHandlerImpl" />
	
	<beans:bean name="UserDo" class="com.dq.arq.sme.domain.UserDo"></beans:bean>

	<context:component-scan base-package="com.dq.arq.sme" />
	<tx:annotation-driven />
	<http auto-config="true" use-expressions="true" create-session="ifRequired" >
		<access-denied-handler error-page="/403" />
	
		<intercept-url pattern="/*" access="permitAll" />
		
		

		<csrf disabled="true" />
		<logout invalidate-session="true" logout-url="/logout"
			delete-cookies="JSESSIONID" logout-success-url="/Welcome?msg=loggedout" />
		<form-login login-page="/Welcome" username-parameter="username"
			password-parameter="password" login-processing-url="/j_spring_security_check"
			authentication-failure-handler-ref="authErrorHandler"
			authentication-failure-url="/Welcome?msg=invalidup"
			default-target-url='/userHome' />
	</http>
	<authentication-manager>
		<authentication-provider>
			<jdbc-user-service id="userService"
				data-source-ref="hDataSource"
				users-by-username-query="select U.email as username, U.password, true as enabled from user U where U.email=?"
				authorities-by-username-query="select U.email as username, R.role as authorities from user U, user_role R, user_role_map URM where URM.user_id=U.id and URM.user_role_id=R.id and U.email=?" />
		</authentication-provider>
	</authentication-manager>

</beans:beans>